properties_id,keyset,Console
42230,93,"1/28AC - Acacia Drv, 28, 1"
5263,272,"10ACAC - Acacia Dr, 10"
48283,17,"2/28ACAC - Acacia Drv, 28, 2"
9222,47,"230DACAC - Acacia Dr, 230D"
24626,216,"30ACC - Accession St, 30"
31431,225,"48ALDE - Alderley Ave, 48"
29439,478,"15ALDR - Aldridge St, 15"
19150,463,"5ALLAM - Allambic Street, 5"
15876,346,"28AND - Anderson Ave, 28"
15868,53,"7ANDER - Anderson Ave, 7"
19302,502,"14ARKIN - Arkin St, 14"
36979,185,"1/41ASC  - Ascog Tce, 41, 1"
434,582,"48ASHB - Ashbourne St, 48"
15744,140,"1/43ASHG - Ashgrove Ave, 43, 1"
15910,130,"1/7ASHG - Ashgrove Ave, 7, 1"
15978,232,"12/43ASH - Ashgrove Ave, 43, 12"
16041,456,"151ASHG - Ashgrove Ave, 151"
6203,505,"48ATTHO - Atthow Ave, 48"
40239,165,"43AYLES - Aylesford St, 43"
4206,211,"80BAIL - Baileys Rd, 80"
34006,148,"2/14BALM - Balmain Tce, 14, 2"
41083,515,"40BAL - Balvenie St, 40"
31389,539,"52BALV - Balvenie St, 52"
40938,139,"1BANK - Bankhead Cresent, 1"
15729,433,"248BAN2 - Banks St, 248"
12324,143,"306BANK - Banks St, 306"
19347,292,"2BARK - Barkala Street, 2"
19363,503,"22BARKA - Barkala Street, 22"
4086,516,"7BASS - Bass St, 7"
49450,86,"2/139BEA - Beatrice Tce, 139, 2"
9760,328,"12BEAU - Beaufort St, 12"
43950,578,"2/21BEAU - Beaufort St, 21, 2"
51411,447,"1/124BEC - Beck St, 124, 1"
19496,96,"77BELC - Belclare St, 77"
19507,564,"89BELC - Belclare St, 89"
41103,157,"3/10BEL - Belgrave St, 10, 3"
52725,227,"36BELG - Belgrave St, 36"
5176,628,"43BENN - Bennett Rd, 43"
19708,248,"23BERNA - Bernarra St, 23"
40575,36,"29BE - Berry St, 29"
25940,575,"48BESS - Bess St, 48"
21293,375,"28BETH - Betheden Tce, 28"
40162,371,"38BETH - Betheden Tce, 38"
43358,24,"45BETHE - Betheden Tce, 45"
2234,149,"195BIRD - Birdwood Tce, 195"
9115,489,"28BIRK - Birkridge Pl, 28"
52655,633,"8/31BISH - Bishop St, 31, 8"
12821,494,"7BLACK - Blackbutt St, 7"
31388,507,"7aBLACK - Blackbutt St, 7a"
41144,184,"1/50BLAC - Blackstone Street, 50, 1"
41145,192,"2/50BLAC - Blackstone Street, 50, 2"
42540,223,"101/60BL - Blamey Street, 60, 101"
1153,105,"1/13BLA - Blaxland St, 13, 1"
1157,171,"2/13BLA - Blaxland St, 13, 2"
19794,497,"14BLUCH - Blucher Avenue, 14"
26991,153,"1/14BOTT - Bott St, 14, 1"
9368,168,"1/28BOTT - Bott St, 28, 1"
955,62,"11/40BOT - Bott St, 40, 11"
16236,170,"2/14aBOT - Bott St, 2/14a"
7614,12,"2/22BOTT - Bott St, 22, 2"
16232,190,"3/14BOTT - Bott Street, 14, 3"
41149,136,"6/18BO - Bott Street, 18, 6"
16297,207,"6/36BOTT - Bott St, 36, 6"
16260,178,"7/22BOTT - Bott St, 22, 7"
16247,350,"9/18BO - Bott St, 18, 9"
16309,87,"9/40BO - Bott St, 40, 9"
4191,162,"4BOUNDA - Boundary Road, 4"
31063,300,"9/7BOWE - Bowen St, 7, 9"
984,97,"6/47BR - Bramston Terrace, 47, 6"
8972,129,"14ABRIDG - Bridge St, 14A"
44975,217,"14dBRIDG - Bridge St, 14d"
43425,562,"11aBRIN - Brindabella St, 11a"
16355,203,"14BROAD - Broadbent St, 14"
29769,247,"33BROMA - Bromar St, 33"
19934,609,"15BROM - Bromwich St, 15"
5165,512,"17BROMW - Bromwich St, 17"
12573,429,"27BROWN - Browns Dip Rd, 27"
9000,301,"49BUC - Buckingham St, 49"
29471,449,"75BUCK - Buckingham St, 75"
20056,542,"16BUSH - Bushwick Street, 16"
1272,102,"1/47C  - Cairns St, 47, 1"
40988,151,"2/47C  - Cairns St, 47, 2"
34122,552,"24CAMBR - Cambridge St, 24"
43951,583,"4501/141 - Campbell St, 141, 4501"
1829,186,"24CANB - Canberra Drv, 24"
9952,466,"34CANB - Canberra Drv, 34"
9327,581,"1/29CAR - Carmel St, 29, 1"
40716,296,"2/29CARM - Carmel St, 29, 2"
13400,128,"56CARM - Carmel St, 56"
390,161,"67CARM - Carmel Street, 67"
13406,245,"72CARM - Carmel St, 72"
2278,322,"53CASH - Cash Ave, 53"
16499,423,"12CAVE - Cavell Tce, 12"
2240,124,"14CAVE - Cavell Tce, 14"
40773,475,"2101/123 - Cavendish Rd, 123, 2101"
20114,450,"10CEDAR - Cedar Place, 10"
20126,405,"3CEDAR2 - Cedarhurst Street, 3"
6245,606,"32CELI - Celia St, 32"
29013,71,"4/60CELI - Celia St, 60, 4"
49635,75,"16CHAI - Chailey St, 16"
47982,526,"6/9CHES - Chester St, 9, 6"
20194,602,"4CHEST - Chestnut Plc, 4"
12733,125,"7/35CLYD - Clyde Rd, 35, 7"
24561,66,"8/35CLYD - Clyde Rd, 35, 8"
42673,493,"2CONF - Confederate St, 2"
34208,174,"4CONF - Confederate St, 4"
34210,88,"7CONF - Confederate St, 7"
12807,257,"22COOP - Coopers Camp Rd, 22"
1293,276,"222COOP - Coopers Camp Rd, 222"
52846,7,"9COPP - Copper Cres, 9"
16569,16,"23CORON - Corona Ave, 23"
41081,63,"1/56CO - Coronation St, 56, 1"
40978,145,"2/56CO - Coronation St, 56, 2"
41082,146,"3/56CO - Coronation St, 56, 3"
40989,250,"4/56CO - Coronation St, 56, 4"
20370,506,"19CRAIG - Craigmore Street, 19"
16599,262,"9CREEK - Creek Ave, 9"
12833,277,"15CRESC - Crescent Ave, 15"
30257,2,"23CROMW - Cromwell St, 23"
4193,33,"43CROW - Crown St, 43"
20378,543,"8CURRA - Currawang Street, 8"
20423,345,"12DAJA - Dajarra St, 12"
21334,230,"1/34DALM - Dalmore St, 34, 1"
15780,94,"1/38DAL2 - Dalmore St, 38, 1"
21341,80,"10/34DAL - Dalmore St, 34, 10"
12276,13,"2/26DALM - Dalmore St, 26, 2"
21346,156,"2/46DALM - Dalmore St, 46, 2"
21203,488,"6/38DAL3 - Dalmore St, 38, 6"
4933,206,"7/46DAL - Dalmore St, 46, 7"
5299,173,"8/55DAL - Dalmore St, 55, 8"
21351,220,"9/46DALM - Dalmore St, 46, 9"
20445,336,"19DAND - Dandaloo Street, 19"
16617,327,"22DAVI - Davies Rd, 22"
16620,598,"26aDAV - Davies Rd, 26a"
41148,368,"12DELM - Delmara Cls, 12"
20520,462,"17DESB - Desbet Street, 17"
20524,311,"21DESB - Desbet Street, 21"
42111,175,"23bDEVO - Devonhill St, 23b"
7551,331,"1/22DEVO - Devoy St, 22, 1"
50750,551,"27DEVO - Devoy St, 27"
24998,520,"3/22DEVO - Devoy St, 22, 3"
897,314,"3/43DEV - Devoy St, 43, 3"
2527,299,"34DEVOY - Devoy St, 34"
24995,587,"5/16DEV - Devoy St, 16, 5"
782,499,"6/45DEV - Devoy Street, 45, 6"
26588,269,"9/41DEVO - Devoy St, 39, 9"
20585,445,"3DONC - Doncella St, 3"
28440,61,"1/31DOR - Dorset St, 31, 1"
29857,91,"1/35DORS - Dorset St, 35, 1"
40973,15,"1/45DORS - Dorset St, 45, 1"
40955,197,"10/35DOR - Dorset St, 35, 10"
40942,34,"11/35DOR - Dorset St, 35, 11"
31474,110,"12/35DOR - Dorset St, 35, 12"
24673,134,"13/35DOR - Dorset St, 35, 13"
40968,92,"14/35DOR - Dorset St, 35, 14"
30566,49,"15/35DOR - Dorset St, 35, 15"
12823,200,"16/35DOR - Dorset St, 35, 16"
29312,81,"19/35DOR - Dorset St, 35, 19"
40564,104,"2/35DORS - Dorset St, 35, 2"
40969,5,"2/45DORS - Dorset St, 45, 2"
31561,109,"3/35DOR - Dorset St, 35, 3"
40935,32,"3/45DORS - Dorset St, 45, 3"
5266,55,"37DORSET - Dorset St, 37"
24656,195,"4/17DOR - Dorset St, 17, 4"
33592,119,"4/35DORS - Dorset St, 35, 4"
41684,194,"5/35DORS - Dorset St, 35, 5"
40884,117,"6/35DORS - Dorset St, 35, 6"
40971,141,"7/35DORS - Dorset St, 35, 7"
12287,135,"8/35DOR - Dorset St, 35, 8"
30565,158,"9/35DORS - Dorset St, 35, 9"
20682,530,"12DULZUR - Dulzura Street, 12"
29443,303,"19DULZ - Dulzura St, 19"
20702,298,"20DUNG - Dungory st, 20"
31470,469,"5/63DUN - Dunmore Tce, 63, 5"
37995,571,"30EDG - Edgar St, 30"
20727,428,"3EDINA - Edina St, 3"
16756,617,"25ELIM - Elimatta Dr, 25"
52879,251,"1/48ELIZ - Elizabeth St, 48, 1"
40908,425,"5/115E - Elizabeth St, 115, 5"
13937,553,"171EMP - Empress Tce, 171"
8473,154,"39EMPR - Empress Tce, 39"
13897,84,"59EMPRE - Empress Tce, 59"
20846,495,"34ERANG - Eranga Street, 34"
43242,634,"59EURE - Eureka St, 59"
20863,540,"9EXTA - Extasis Street, 9"
1959,347,"23FARR - Farrell St, 23"
35861,229,"24FERN - Fern St, 24"
21423,201,"6FIN - Findlay St, 6"
1760,213,"8FINDL - Findlay St, 8"
15667,122,"1/32FL - Fleming Rd, 32, 1"
14032,166,"141FLE - Fletcher Pde, 141"
2603,390,"245FLET - Fletcher Pde, 245"
29947,533,"247FLET - Fletcher Pde, 247"
13999,108,"41FLETCH - Fletcher Pde, 41"
14007,308,"71FLET - Fletcher Pde, 71"
4300,591,"91FLET - Fletcher Pde, 91"
9272,18,"96FLETCH - Fletcher Pde, 96"
6437,464,"38FRAS - Frasers RD, 38"
12740,112,"71FREDE - Frederick St, 71"
7135,394,"27GAVAN - Gavan St, 27"
3410,457,"27GEORG2 - Georganne St, 27"
4543,465,"20GLAD - Gladstone St, 20"
5216,342,"1GLEN - Glen Rd, 1"
12281,58,"10/48GLE - Glenalva Tce, 48, 10"
12212,46,"6/18GLEN - Glenalva Tce, 18, 6"
21025,404,"33GLENB - Glenbrae Street, 33"
21029,307,"37GLEN - Glenbrae St, 37"
1016,395,"73GLENBR - Glenbrae Street, 73"
40863,498,"4GLEN - Glenda St, 4"
6801,72,"63GLEN - Glenlyon Dv, 63"
21160,560,"3/1GLEN - Glenquarie Place, 1, 3"
9162,169,"53GLEN - Glenrosa Road, 53"
40954,338,"6/26GLEN - Glenrosa Rd, 26, 6"
34629,424,"67GLEN - Glenrosa Rd, 67"
25030,589,"1/12GLOB - Globe St, 12, 1"
37944,266,"1/36GLOB - Globe St, 36, 1"
50849,613,"1/40GLOB - Globe St, 40, 1"
4608,442,"2/15GL - Globe St, 15, 2"
30959,270,"2/36GLOB - Globe St, 36, 2"
50029,177,"2/40GLOB - Globe St, 40, 2"
25032,44,"3/12GLOB - Globe St, 12, 3"
2165,593,"3/16GLO - Globe St, 16, 3"
1785,275,"3/36GLOB - Globe St, 36, 3"
50850,614,"3/40GLOB - Globe St, 40, 3"
40811,274,"4/36GLOB - Globe St, 36, 4"
50851,615,"4/40GLOB - Globe St, 40, 4"
50852,616,"5/40GLOB - Globe St, 40, 5"
12634,352,"6/15GLO - Globe St, 15, 6"
49120,42,"6/40GLOB - Globe St, 40, 6"
3822,365,"7/33GLO - Globe St, 33, 7"
25043,588,"8/35GLOB - Globe St, 35, 8"
16897,486,"5GLORY - Glory St, 5"
34650,114,"28GRACE - Grace St, 28"
18448,504,"7GRACE - Grace St, 7"
3144,209,"1GRAMER - Gramere Ave, 1"
25058,474,"4/5GRA - Gramere Ave, 5, 4"
22675,389,"3GRANTON - Granton Place, 3"
41107,268,"12GRAY - Gray Rd, 12"
1107,90,"9GRAY - Gray St, 9"
38219,318,"7/20GR - Great George Street, 24, 7/20"
44032,41,"12/14GRE - Greenlanes Rd, 14, 12"
44023,256,"2/14GR - Greenlanes Rd, 14, 2"
612,396,"4GREEN - Greenwood St, 4"
41547,453,"5/251GRE - Gregory Tce, 251, 5"
22695,594,"8GREN - Grenoble St, 8"
1747,510,"18GREV - Grevillea Rd, 18"
1013,52,"67GREV - Grevillea Rd, 67"
50876,422,"1/6GRIF - Griffith St, 6, 1"
12355,531,"15GYMEA - Gymea Street, 15"
48097,458,"8/19HALC - Halcomb St, 19, 8"
49638,561,"2/33HANT - Hants St, 33, 2"
16998,45,"12HARD - Harding St, 12"
12598,523,"49HARD - Harding St, 49"
4416,295,"50HARD - Harding St, 50"
47628,590,"16HARR - Harriet St, 16"
40804,363,"11HART - Hartfield Drv, 11"
12739,337,"15HART - Hartfield Drv, 15"
22831,385,"3HARWA - Harward St, 3"
5952,181,"46HARWOO - Harwood St, 46"
30242,398,"1/67HA - Hassall St, 67, 1"
41085,476,"2/67HASS - Hassall St, 67, 2"
40934,479,"3/67HASS - Hassall St, 67, 3"
41086,483,"4/67HASS - Hassall St, 67, 4"
40669,485,"5/67HASS - Hassall St, 67, 5"
1907,324,"31HAVA - Havana St, 31"
43426,366,"30HAWTH - Hawthorne Ave, 30"
41073,432,"1/19HE - Hetherington St, 19, 1"
40886,431,"2/19HE - Hetherington St, 19, 2"
40995,246,"3/19HE - Hetherington St, 19, 3"
9231,261,"4/19HE - Hetherington St, 19, 4"
17076,147,"10HIGH - High St, 10"
10134,528,"6HIGH - High Street, 6"
25798,604,"44HILD - Hilda St, 44"
977,106,"5HILDA - Hilda St, 5"
50,243,"1AHILD - Hilder Rd, 1a"
42069,448,"1BHILD - Hilder Rd, 1b"
40834,402,"5AHILD - Hilder Road, 5a"
40835,511,"5BHIL - Hilder Rd, 5b"
50352,638,"5CHIL - Hilder Rd, 5c"
22892,357,"8HILDER - Hilder Road, 8"
48098,451,"17HILLG - Hillgrove St, 17"
23003,236,"4HOLLIS - Hollis St, 4"
30531,204,"1/14HOLM - Holmesbrook St, 14, 1"
24992,414,"1/45HOLM - Holmesbrook St, 45, 1"
413,77,"10HOLM - Holmesbrook St, 10"
9088,57,"15HOLMS - Holmesbrook St, 15"
31322,176,"2/14HOLM - Holmesbrook St, 14, 2"
2118,603,"2/45HOLM - Holmesbrook St, 45, 2"
4874,381,"23HOLM - Holmesbrook St, 23"
31326,199,"3/14HOLM - Holmesbrook St, 14, 3"
17111,210,"31HOLM - Holmesbrook St, 31"
25090,221,"4/41HOLM - Holmesbrook St, 41, 4"
1409,348,"68HOLM - Holmesbrook st, 68"
23032,393,"48ILLOW - Illowra St, 48"
23052,372,"24INWOO - Inwood Plc, 24"
2972,31,"33AJAL - Jaloon St, 33A"
52323,285,"1JEND - Jendi Crt, 1"
52749,138,"1/12JUBI - Jubilee St, 12, 1"
52750,517,"2/12JUBI - Jubilee St, 12, 2"
52751,152,"3/12JUBI - Jubilee St, 12, 3"
52752,439,"4/12JUBI - Jubilee St, 12, 4"
2146,40,"3/36JUB - Jubilee Tce, 36, 3"
2370,643,"3/40JUBI - Jubilee Tce, 40, 3"
12406,260,"4/12JUB - Jubilee Tce, 12, 4"
1433,481,"4/18JUB - Jubilee Tce, 18, 4"
25102,193,"5/40JUBI - Jubilee Tce, 40, 5"
189,323,"7/16JUBI - Jubilee Terrace, 16, 7"
25188,208,"74JUB - Jubilee Tce, 74"
4707,600,"81JUB - Jubilee Tce, 81"
44058,167,"4/15KADA - Kadanga St, 15, 4"
21837,417,"15/15K - Kaloma Rd, 15, 15"
23235,470,"36KALOMA - Kaloma Road, 36"
31490,289,"4/87KE - Kedron Park Rd, 87, 4"
5407,412,"2/22KEN - Kennedy Tce, 22, 2"
26058,601,"6KENN - Kennedy Tce, 6"
52047,278,"1/81KENT - Kent Rd, 81, 1"
41814,568,"2/81KENT - Kent Rd, 81, 2"
38230,56,"3/81KENT - Kent Rd, 81, 3"
50875,334,"5/204KEN - Kent St, 204, 5"
9095,471,"8KEVP - Kevpat Close, 8"
2277,555,"22KOO - Koorong St, 22"
12359,316,"71Koor2 - Koorong Street, 71"
41120,333,"9KRUSE - Kruse Pl, 9"
29419,386,"8/45LAC - Lacey Rd, 45, 8"
8968,294,"38/153L - Lambert St, 153, 38"
43497,544,"71LAM - Lamont Rd, 71"
1190,76,"265LANC - Lancaster Rd, 265"
108,411,"6LARUM - Laruma St, 6"
34806,64,"4/30LEM - Lemnos St, 30, 4"
47668,585,"6/30LEMN - Lemnos St, 30, 6"
14411,231,"51LES - Leslie St, 51"
8429,407,"39LEWI - Lewin St, 39"
7690,353,"37LILLEY - Lilley St, 37"
895,258,"1/51LIN - Lindsay St, 51, 1"
17298,382,"13LINDS - Lindsay St, 13"
17308,354,"25LIND - Lindsay St, 25"
906,339,"3/51LIN - Lindsay St, 51, 3"
916,142,"4/51LIN2 - Lindsay St, 51, 4"
14565,305,"78LIZZ - Lizzie St, 78"
4867,282,"52LOCK - Lockerbie St, 52"
40883,222,"20/99LOC - Lockrose St, 99, 20"
22081,522,"23LOMAT - Lomatta Street, 23"
43334,545,"4/10LUC - Lucinda St, 10, 4"
30060,383,"1/73LUGG - Lugg St, 73, 1"
29231,235,"2/73LUGG - Lugg Street, 73, 2"
40878,283,"3/73LUGG - Lugg St, 73, 3"
40879,244,"4/73LUGG - Lugg St, 73, 4"
52880,182,"10LYNE - Lynelle St, 10"
41957,574,"4/235MAI - Main St, 235, 4"
40961,446,"22MALACH - Malachite Street, 22"
8172,566,"18MARE - Mareeba Rd, 18"
17376,155,"29MAREE - Mareeba Rd, 29"
17368,26,"7Mare - Mareeba Rd, 7"
675,284,"97MAREE - Mareeba Rd, 97"
52168,54,"19MARK - Market St, 19"
34875,187,"13MASON - Mason St, 13"
31457,403,"34MAST - Masthead St, 34"
17401,631,"10MATL - Matlock St, 10"
1956,131,"14MATLOC - Matlock St, 14"
28486,27,"4/89MAY - Maygar St, 89, 4"
50308,103,"5/89MAY - Maygar Street, 89, 5"
17414,163,"28McCO - McCormack Ave, 28"
17433,621,"16MCLE - McLean Pde, 16"
337,95,"70MCLEAN - McLean Pde, 70"
2857,572,"90MCLE - McLean Pde, 90"
40985,123,"5/150MEA - Meadowlands Rd, 150, 5"
2697,374,"61MICHAE - Michaela Crescent, 61"
4926,290,"2/36MILE - Miles St, 36, 2"
7084,291,"46MIRR - Mirrabooka Rd, 46"
7857,23,"1/49MISK - Miskin St, 49, 1"
51039,630,"2/11MITC - Mitcham St, 11, 2"
40805,629,"66MONT - Montpelier St, 66"
3405,521,"26MONTRO - Montrose Place, 26"
7305,532,"39MONT - Montrose Plc, 39"
22186,418,"4MONTROS - Montrose Place, 4"
12279,233,"21MOON - Moonya St, 21"
14754,228,"24MOON - Moonya St, 24"
12013,596,"27MOON - Moonya St, 27"
28738,191,"45MOORE - Moore St, 45"
52203,556,"49MOOR - Moore St, 49"
38026,392,"7MOORE - Moore St, 7"
4866,467,"53MORABY - Moraby Street, 53"
28943,370,"2/16MORR - Morris St, 16, 2"
40889,121,"7/10MO - Morris St, 10, 7"
17562,459,"17MOSS - Mossvale St, 17"
22209,410,"5MOYGARA - Moygara Street, 5"
34940,427,"9/104MUS - Musgrave Rd, 104, 9"
17600,19,"29MYAG - Myagah Rd, 29"
4895,113,"52MYAG - Myagah Rd, 52"
37938,397,"8NAIRN - Nairn St, 8"
12299,239,"32NAMB - Nambruk St, 32"
48318,21,"1/5NATH - Nathan Ave, 5, 1"
9230,35,"1/6NATH - Nathan Ave, 6, 1"
1349,487,"10NATH - Nathan Ave, 10"
52713,59,"10/40NAT - Nathan Ave, 40, 10"
24974,202,"106/32NA - Nathan Av, 32, 106"
48319,341,"1ENATH - Nathan Ave, 1E"
29628,133,"2/5NATH - Nathan Ave, 5, 2"
24982,435,"201/22NA - Nathan Ave, 22, 201"
400,212,"26/40NA - Nathan Ave, 40, 26"
24980,1,"306/22NA - Nathan Ave, 22, 306"
2206,65,"4/40NATH - Nathan Ave, 40, 4"
25143,205,"46/40NAT - Nathan Ave, 40, 46"
41092,436,"14NEWB - Newbery st, 14"
1183,160,"100NEWM - Newman Ave, 100"
51666,242,"155NIN - Ninth Ave, 155"
17620,612,"9NOEL - Noeline St, 9"
51267,640,"1/50NORM - Norman Avenue, 50, 1"
51268,641,"2/50NORM - Norman Avenue, 50, 2"
40493,549,"3/50NORM - Norman Avenue, 50, 3"
51269,642,"4/50NORM - Norman Avenue, 50, 4"
1327,74,"10NOR - Norman Tce, 10"
40481,443,"156NOR - North Quay Hotel, 293, 156"
12726,438,"157NOR - North Quay Hotel, 293, 157"
50004,179,"6/9NORT - North St, 9, 6"
22292,137,"3OANA - Oana St, 3"
22294,491,"6OANA - Oana Street, 6"
4065,518,"25OLEA - Oleander Drv, 25"
4702,536,"30OLEAN - Oleander Drv, 30"
29794,376,"38/14PAL - Paltarra Street, 14, 38"
2236,286,"55/14PAL - Paltarra St, 14, 55"
17700,189,"10PANO - Panorama St, 10"
22329,377,"11PARA - Paraka Street, 11"
42705,43,"55PARK - Park St, 55"
41661,263,"57PARK - Park St, 57"
43901,548,"3101/3PA - Parkland Blv, 3, 3101"
22333,527,"42PARKSI - Parkside Crescent, 42"
29171,576,"16PASC - Pascal St, 16"
22380,355,"58PATE - Paten Rd, 58"
42946,219,"215PATR - Patricks Rd, 215"
17737,391,"7PAV - Pavonia Street, 7"
521,241,"1/156PA - Payne Rd, 156, 1"
8541,472,"40PETMAR - Petmar Street, 40"
12341,455,"42PETMAR - Petmar Street, 42"
7620,580,"55PET - Petmar St, 55"
36452,611,"4/219PIC - Pickering St, 219, 4"
41769,183,"4/245PIC - Pickering St, 245, 4"
9273,39,"21PICOT - Picot Street, 21"
17758,605,"22PI - Piddington St, 22"
1367,330,"7PIND - Pindari St, 7"
22606,302,"17PIRRIE - Pirrie Street, 17"
22609,468,"34PIRRIE - Pirrie Street, 34"
40700,255,"87/51PLA - Playfield St, 51, 87"
331,48,"2/34PRA - Praed St, 34, 2"
765,312,"3/34PRA - Praed St, 34, 3"
24864,349,"4/34PRA - Praed St, 34, 4"
31447,400,"19PRAE - Praeger St, 19"
41052,6,"10/17PRA - Pratt St, 19, 10/17"
133,610,"16PRIMR - Primrose Tce, 16"
33591,70,"41BPRINC - Prince St, 41B"
31407,83,"41CPRIN - Prince St, 41C"
22619,4,"22QUIRK - Quirk Street, 22"
40155,413,"712/41RA - Ramsgate St, 41, 712"
23347,315,"16RICHWI - Richwill Street, 16"
23352,343,"27RICH - Richwill St, 27"
679,237,"4ARICH - Richwill St, 4a"
41114,224,"1/46RIDG - Ridge St, 46, 1"
12824,238,"2/46RIDG - Ridge St, 46, 2"
29718,356,"29RIDGE - Ridgeway Street, 29"
28804,164,"1/102ROC - Rockbourne Tce, 102, 1"
26885,326,"9/102R - Rockbourne Tce, 102, 9"
814,320,"26ROMEA - Romea St, 26"
2390,100,"35ROMEA - Romea St, 35"
41050,172,"9/24ROSE - Rosemount Tce, 24, 9"
15020,180,"1/36ROSE - Rosewood St, 36, 1"
759,608,"2/36ROSE - Rosewood St, 36, 2"
17883,550,"5/43ROY - Roy St, 43, 5"
17896,525,"14ROYA - Royal Pde, 14"
17924,547,"92ROY - Royal Pde, 92"
29441,399,"39RUSD - Rusden St, 39"
31076,378,"8/30SALE - Sale Yards Ln, 30, 8"
41059,107,"1/1-7SAY - Sayers St, 1, 1"
31075,111,"2/1-7SAY - Sayers St, 1, 2"
41125,116,"3/1-7SAY - Sayers St, 1, 3"
8795,249,"21SCHOO - School Rd, 21"
8688,132,"25SCHO - School Rd, 25"
23454,501,"71SCHOOL - School Road, 71"
48094,441,"12/18SEA - Seal St, 18, 12"
40906,379,"30ASETT - Settlement Road, 30A"
52875,196,"7/16SEVE - Seven Oaks St, 16, 7"
6103,482,"27SHIRLE - Shirley St, 27"
15343,188,"32SIXT - Sixth Ave, 32"
4051,118,"47SIXT - Sixth Ave, 47"
52817,636,"2/53SOME - Somerset St, 53, 2"
41356,477,"775SOUTH - South Pine Rd, 775"
7462,454,"3/36STOS - St Osyth St, 36, 3"
18019,619,"23STVIN - St Vincent St, 23"
1027,534,"41STVI - St Vincent St, 41"
18036,198,"60STVIN - St Vincent St, 60"
52440,622,"1/12STAF - Stafford Rd, 12, 1"
52441,623,"2/12STAF - Stafford Rd, 12, 2"
52442,624,"3/12STAF - Stafford Rd, 12, 3"
52443,625,"4/12STAF - Stafford Rd, 12, 4"
52444,626,"5/12STAF - Stafford Rd, 12, 5"
52445,627,"6/12STAF - Stafford Rd, 12, 6"
30951,559,"41STAFF - Stafford St, 41"
1005,28,"65STEV - Stevenson St, 65"
18060,387,"4STEW - Stewart Plc, 4"
28377,69,"2/47STEW - Stewart Rd, 47, 2"
18101,637,"82STEW - Stewart Rd, 82"
18107,68,"93STEWAR - Stewart Rd, 93"
40888,508,"53STRATH - Strathmere Place, 53"
44294,569,"2205/1ST - Stuartholme Rd, 1, 2205"
15450,159,"92STUA - Stuartholme Rd, 92"
37863,480,"3/16SU - Suez St, 16, 3"
40917,51,"1/47SWAN - Swann Rd, 47, 1"
18169,388,"14TEALE - Teale Street, 14"
851,304,"29TEROM - Teroma St, 29"
808,409,"3/24TE - Terrace St, 24, 3"
4811,416,"4/24TE - Terrace St, 24, 4"
15498,126,"52THEDR - The Drive, 52"
696,264,"1/33TH - The Esplanade, 33, 1"
23598,293,"46TILQUI - Tilquin Street, 46"
41106,259,"5TOMB - Tombondan Crs, 5"
41096,452,"29TONLEG - Tonlegee Street, 29"
23635,461,"12TOOLAR - Toolara Street, 12"
40452,408,"1/15TRAC - Trackson St, 15, 1"
28778,364,"1/16TRAC - Trackson St, 16, 1"
3346,273,"19TREBON - Trebonne Street, 19"
4916,563,"6TREBO - Trebonne St, 6"
42157,401,"8TREV - Trevor St, 8"
18272,22,"21TRIND - Trinder Rd, 21"
18275,584,"40TRIN - Trinder Rd, 40"
18277,595,"44TRIN - Trinder Rd, 44"
9286,79,"1/17TROU - Trout St, 17, 1"
18309,11,"2/32TROU - Trout St, 32, 2"
18321,127,"4/36TROU - Trout St, 36, 4"
18290,434,"7/10TROU - Trout St, 10, 7"
2220,460,"8/10TROU - Trout St, 10, 8"
31553,437,"1/28TRUN - Trundle St, 28, 1"
48563,317,"75AUPP - Upper Cairns Tce, 75A"
48564,335,"75BUPPE - Upper Cairns Tce, 75B"
18372,500,"12URALLA - Uralla St, 12"
18390,321,"16VEN - Venus Street, 16"
12763,234,"3/25VERN - Vernon st, 25, 3"
12476,89,"4/25VERN - Vernon St, 25, 4"
31560,218,"105/6VIC - Victoria St, 6, 105"
41893,20,"8VICTO - Victoria St, 8"
12322,570,"17VIR - Virae St, 17"
31482,426,"13WALT - Walter St, 13"
594,620,"39WARA - Warana St, 39"
164,215,"11WARD - Ward st, 11"
41078,367,"2/15WA - Ward St, 15, 2"
30514,306,"1/63WARD - Wardell St, 63, 1"
18520,226,"123WAR2 - Wardell St, 123"
4788,565,"151WARD - Wardell St, 151"
18478,444,"51WARD - Wardell St, 51"
23756,573,"28WARR - Warruga St, 28"
12723,319,"37WARRU - Warruga Street, 37"
9091,344,"1/123WAT - Waterworks Rd, 123, 1"
31479,120,"1/263WAT - Waterworks Rd, 263, 1"
43528,287,"1/498WAT - Waterworks Rd, 498, 1"
29838,267,"1/834WAT - Waterworks Rd, 834, 1"
2397,67,"10/1060W - Waterworks Rd, 1060, 10"
24079,421,"1129WATE - Waterworks Road, 1129"
24110,635,"1158WATE - Waterworks Rd, 1158"
24144,618,"1218WATE - Waterworks Rd, 1218"
40745,519,"1220aWAT - Waterworks Road, 1220a"
40747,513,"1220bWAT - Waterworks Rd, 1220b"
24152,73,"1222aWAT - Waterworks Rd, 1222a"
52801,597,"1222bWAT - Waterworks Rd, 1222b"
8149,473,"1231WAT - Waterworks Rd, 1231"
2724,537,"1234WATE - Waterworks Rd, 1234"
24163,592,"1254WAT - Waterworks Rd, 1254"
12422,351,"2/123WAT - Waterworks Rd, 123, 2"
18598,546,"2/168WAT - Waterworks Rd, 168, 2"
31196,98,"2/263WAT - Waterworks Rd, 263, 2"
1115,509,"2/640WA - Waterworks Road, 640/2"
31071,265,"2/834WAT - Waterworks Rd, 834, 2"
52048,567,"2/871AWA - Waterworks Rd, 871A, 2"
40754,358,"3/123WAT - Waterworks Rd, 123, 3"
43211,82,"3/168WAT - Waterworks Rd, 168, 3"
41122,60,"3/263WAT - Waterworks Rd, 263, 3"
1176,25,"305WAT - Waterworks Rd, 305"
51472,541,"382AWAT - Waterworks Rd, 382A"
18768,430,"394WATE - Waterworks Road, 394"
9016,360,"4/123WAT - Waterworks Rd, 123, 4"
219,632,"4/287WAT - Waterworks Rd, 287, 4"
18806,639,"452WATE - Waterworks Rd, 452"
31008,361,"5/123WAT - Waterworks Rd, 123, 5"
18676,50,"5/229WAT - Waterworks Rd, 229, 5"
18625,9,"6/185WAT - Waterworks Rd, 185, 6"
18879,101,"647WATE - Waterworks Rd, 647"
23799,496,"834WATE - Waterworks Rd, 834"
18914,144,"23WEATH - Weatherhead Ave, 23"
12727,14,"46WEATH - Weatherhead Ave, 46"
40894,78,"1/15WELL - Wellington St, 15, 1"
50951,214,"1/22WELL - Wellington St, 22, 1"
18951,99,"22WESS - Wessex Lne, 22"
29324,492,"3/25WHIT - Whitta St, 25, 3"
41009,115,"11WILGA - Wilgarning St, 11"
36956,586,"3WILLA - Willandra St, 3"
31125,607,"37WILL - Willandra St, 37"
1208,8,"15WILL - Willowood Plc, 15"
12822,524,"1/121WIN - Windsor Rd, 121, 1"
10010,297,"1/35WIND - Windsor Rd, 35, 1"
12773,280,"121WINDS - Windsor Rd, 121"
41136,279,"2/121WIN - Windsor Rd, 121, 2"
18977,10,"25WOODL - Woodland St, 25"
18979,3,"28WOOD - Woodland St, 28"
18958,359,"5/2WOOD - Woodland St, 2, 5"
30083,240,"22WOOD - Woodmere St, 22"
12735,529,"45WOODSI - Woodside Street, 45"
25218,373,"12WOORAM - Woorama Road, 12"
3957,535,"78WOORA - Woorama Road, 78"
9069,332,"49YARRA - Yarrabee Rd, 49"
25289,484,"59YOORAL - Yoorala Street, 59"
42046,419,"91AYOOR - Yoorala St, 91a"
14110,271,"46GERL - Gerler St, 46"
44933,30,"29ELIZ - Elizabeth St, 29"
52886,252,"1/165SHE - Sherwood Rd, 165, 1"
7590,281,"30CELIA - Celia St, 30"
52877,288,"7HERB - Herbert St, 7"
36538,329,"118SAMF - Samford Rd, 118"
5203,313,"88MCLEA - McLean Pde, 88"
18024,37,"34STVIN - St Vincent St, 34"
25042,325,"7/35GLOB - Globe St, 35, 7"
50564,369,"204/99GR - Gregory Tce, 99, 204"
52927,38,6Antill
28977,85,39Morris
52881,254,"28LUDL - Ludlow St, 28"
52933,150,"5/32FLEM - Fleming Rd, 32, 5"
29345,406,31Bromwich
1461,340,72Jubilee
17742,362,"21PAVO - Pavonia St, 21"
7228,380,"689WATE - Waterworks Rd, 689"
7184,384,33Maygar
4027,310,"4/88ALDE - Alderley Ave, 88, 4"
20146,29,"30CEDAR - Cedarhurst St, 30"
52938,259,43/66Illowra
47777,309,4/26Scott
18273,415,37Trinder
